model,n_prompts,n_generations,roberta_mean,roberta_std,roberta_median,validity_rate,word_pair_mean,formatting_mean,length_mean,coherence_mean,distinct_1,distinct_2,avg_word_count,n_unique_structures,structure_why-did,structure_one-liner,structure_qa-punchline,structure_how-did,structure_observation
Qwen-3B-Base,1200,3600,4.143611111111111,3.392404156572817,6.0,0.6305555555555555,1.5466666666666666,0.2594444444444444,-1.1175555555555554,-0.007920454629469309,0.14395681295611318,0.40499057887574585,22.22888888888889,4,0.9302777777777778,0.03777777777777778,0.03027777777777778,0.0016666666666666668,
Qwen-3B-GRPO,1200,3600,4.472222222222222,3.4602181744009486,6.0,0.6513888888888889,1.72,0.3011111111111111,-1.426388888888889,-0.0067971031047287765,0.14207716573647172,0.42633984976223843,25.183888888888887,5,0.8580555555555556,0.0975,0.041666666666666664,0.0022222222222222222,0.0005555555555555556
