model,n_prompts,n_generations,roberta_mean,roberta_std,roberta_median,validity_rate,word_pair_mean,formatting_mean,length_mean,coherence_mean,distinct_1,distinct_2,avg_word_count,n_unique_structures,structure_why-did,structure_qa-punchline,structure_one-liner,structure_how-did
Qwen-3B-Base,1200,3600,4.072777777777778,3.4297997896224497,6.0,0.6166666666666667,1.53,0.2311111111111111,-1.1478333333333333,-0.007756657786011173,0.14452130945027794,0.4107563025210084,22.48611111111111,4,0.9266666666666666,0.030555555555555555,0.04111111111111111,0.0016666666666666668
Qwen-3B-GRPO,1200,3600,4.432777777777778,3.456140956991419,6.0,0.6477777777777778,1.7266666666666666,0.2916666666666667,-1.4283333333333332,-0.006637352161105395,0.14410125915851357,0.43076554149728224,25.325555555555557,4,0.8538888888888889,0.043333333333333335,0.10055555555555555,0.0022222222222222222
