language,model,model_id,mean_ev_reward,mean_ev_reward_valid_only,mean_composite_reward,std_composite_reward,validity_rate,num_samples
en,base,Qwen/Qwen2.5-7B-Instruct,6.741430711547534,6.740025841767631,6.811258463924236,1.3863975797840562,0.9883333333333333,1200
en,trained,KonradBRG/Qwen2.5-7B-Instruct-Jokester-English,6.7862755578756335,6.787432511180839,6.845196137179474,1.2708134688485413,0.9933333333333333,1200
zh,base,Qwen/Qwen2.5-7B-Instruct,7.316608997166157,7.2401608581818175,5.8449300023527755,3.505445893466324,0.849,1000
zh,trained,KonradBRG/Qwen2.5-7B-Instruct-Jokester-Chinese,7.399123070448637,7.331918821562654,5.7553160545426065,3.584252147399267,0.832,1000
es,base,Qwen/Qwen2.5-7B-Instruct,7.119909145732721,7.099803553630354,6.946079627253533,2.2155597403245184,0.9708333333333333,1200
es,trained,KonradBRG/Qwen2.5-7B-Instruct-Jokester-Spanish,7.452200592358907,7.451726515076745,7.3137112795381,1.8273040446440836,0.9825,1200
